PlayerID,PlayerName,Team,Season,GamesPlayed,AvgMinutes,Points,Rebounds,Assists,Steals,Blocks,Turnovers,FieldGoalPct,FreeThrowPct,ThreePointPct,ThreePointersMade,ThreePointAttempts,FieldGoalsMade,FieldGoalAttempts,FreeThrowsMade,FreeThrowAttempts,TrueShootingPct,UsageRate,Points_ZScore,Rebounds_ZScore,Assists_ZScore,Steals_ZScore,Blocks_ZScore,FieldGoalPct_ZScore,ThreePointersMade_ZScore,FreeThrowPct_ZScore,Turnovers_ZScore
203932,Aaron Gordon,ORL,2019-20,62,32.5,14.4,7.7,3.7,0.8,0.6,1.6,0.437,0.674,0.308,1.2,3.8,5.4,12.4,2.4,3.6,0.516,0.205,-0.31597749192902136,0.7344220471738989,0.08847206344130826,-0.48112429017350644,0.019462510288800996,-0.48500595260462137,-0.538505010860329,-1.3751732066929137,-0.42334539456840553
201143,Al Horford,PHI,2019-20,67,30.2,11.9,6.8,4.0,0.8,0.9,1.2,0.45,0.763,0.35,1.5,4.2,4.8,10.6,0.9,1.2,0.536,0.173,-0.7623691561348985,0.40087105672954104,0.23159751760915798,-0.48112429017350644,0.5960393775945275,-0.2603831281063362,-0.22376842004923658,-0.30673375520301155,-0.8910976487069238
202692,Alec Burks,PHI,2019-20,66,26.6,15.0,4.3,2.9,0.9,0.3,1.4,0.418,0.887,0.385,1.8,4.6,4.9,11.6,3.6,4.0,0.561,0.23,-0.20884349251961087,-0.5256594722825638,-0.29319581433962466,-0.19957748333123201,-0.5571143570169254,-0.813300849948269,0.09096817076185583,1.181878514288538,-0.6572215216376648
203083,Andre Drummond,CLE,2019-20,57,33.0,17.7,15.2,2.7,1.9,1.6,3.6,0.533,0.575,0.143,0.1,0.6,7.3,13.8,3.0,5.2,0.553,0.253,0.27325950482273637,3.5140136342102126,-0.38861278378485775,2.6158905850915124,1.941385401307889,1.1737472129211763,-1.6925391771676674,-2.5636620347547163,1.9154158761241848
203952,Andrew Wiggins,GSW,2019-20,54,34.4,21.8,5.1,3.7,0.8,1.0,2.4,0.447,0.709,0.332,2.1,6.2,8.1,18.1,3.5,5.0,0.536,0.269,1.0053418341203753,-0.2291697029986903,0.08847206344130826,-0.48112429017350644,0.7882316666964362,-0.3122191645290174,0.4057047615729482,-0.9550003886912676,0.5121591137086304
203076,Anthony Davis,LAL,2019-20,62,34.4,26.1,9.3,3.2,1.5,2.3,2.5,0.503,0.846,0.33,1.2,3.5,8.9,17.7,7.2,8.5,0.61,0.284,1.773135496554484,1.3274015857416461,-0.15007036017177475,1.4897033577224146,3.28673142502125,0.6553868486943643,-0.538505010860329,0.6896760703437509,0.6290971772432601
1628389,Bam Adebayo,MIA,2019-20,72,33.6,15.9,10.2,5.1,1.1,1.3,2.8,0.557,0.691,0.143,0.0,0.2,6.1,11.0,3.7,5.3,0.598,0.212,-0.04814249340549502,1.6609525761860033,0.7563908495579404,0.3635161303533171,1.3648085340021627,1.588435504302626,-1.7974513741046982,-1.1710892665206862,0.9799113678471484
1627732,Ben Simmons,PHI,2019-20,57,35.4,16.4,7.8,8.0,2.1,0.6,3.5,0.58,0.621,0.286,0.0,0.1,6.6,11.4,3.2,5.2,0.602,0.206,0.041135839435680104,0.771483268334383,2.139936906513822,3.1789841987760616,0.019462510288800996,1.9858451168765132,-1.7974513741046982,-2.0114349025239795,1.7984778125895553
203992,Bogdan Bogdanović,SAC,2019-20,61,28.9,15.1,3.4,3.4,1.0,0.2,1.7,0.44,0.741,0.372,2.7,7.2,5.5,12.6,1.4,1.9,0.565,0.221,-0.19098782595137584,-0.8592104627269215,-0.05465339072654167,0.08196932351104237,-0.7493066461188341,-0.4331699161819402,1.0351779431951331,-0.5708423836611899,-0.30640733103377615
202711,Bojan Bogdanović,UTA,2019-20,63,33.1,20.2,4.1,2.1,0.5,0.1,2.5,0.447,0.903,0.414,3.0,7.3,6.6,14.8,4.0,4.4,0.603,0.252,0.7196511690286136,-0.5997819146035323,-0.6748636921205574,-1.3257647107003299,-0.941498935220743,-0.3122191645290174,1.3499145340062253,1.3739575168035767,0.6290971772432601
203078,Bradley Beal,WAS,2019-20,57,36.0,30.5,4.2,6.1,1.2,0.4,3.4,0.455,0.842,0.353,3.0,8.4,10.4,22.9,6.8,8.0,0.579,0.338,2.558784825556828,-0.5627206934430479,1.2334756967841065,0.6450629371955912,-0.3649220679150165,-0.17398973406853413,1.3499145340062253,0.6416563197149913,1.6815397490549255
1627742,Brandon Ingram,NOP,2019-20,62,33.9,23.8,6.1,4.2,1.0,0.6,3.0,0.463,0.851,0.391,2.4,6.2,8.2,17.7,5.0,5.9,0.587,0.275,1.362455165485077,0.14144250860615162,0.32701448705439123,0.08196932351104237,0.019462510288800996,-0.03576030360805092,0.7204413523840404,0.7497007586297005,1.2137874949164076
201572,Brook Lopez,MIL,2019-20,68,26.7,12.0,4.6,1.5,0.7,2.4,1.0,0.435,0.836,0.314,1.5,4.8,4.3,9.9,1.9,2.2,0.551,0.181,-0.7445134895666635,-0.4144758088011113,-0.9611146004562571,-0.7626710970157812,3.478923714123159,-0.5195633102197422,-0.22376842004923658,0.5696266937718517,-1.1249737757761826
1628971,Bruce Brown,DET,2019-20,58,28.2,8.9,4.7,4.0,1.1,0.5,1.7,0.443,0.739,0.344,0.6,1.7,3.4,7.7,1.5,2.1,0.518,0.159,-1.298039153181951,-0.3774145876406269,0.23159751760915798,0.3635161303533171,-0.17272977881310775,-0.381333879759259,-1.1679781924825139,-0.5948522589755698,-0.30640733103377615
1627854,Bryn Forbes,SAS,2019-20,63,25.1,11.2,2.0,1.7,0.5,0.0,0.9,0.417,0.833,0.388,2.3,6.0,3.8,9.2,1.2,1.4,0.57,0.185,-0.8873588221125444,-1.3780675589737001,-0.8656976310110238,-1.3257647107003299,-1.1336912243226518,-0.8305795287558294,0.6155291554470095,0.5336118808002819,-1.2419118393108122
1627741,Buddy Hield,SAC,2019-20,72,30.8,19.2,4.6,3.0,0.9,0.2,2.3,0.429,0.846,0.394,3.8,9.6,6.9,16.1,1.6,1.9,0.566,0.263,0.5410945033462627,-0.4144758088011113,-0.24548732961700803,-0.19957748333123201,-0.7493066461188341,-0.6232353830651046,2.1892121095024715,0.6896760703437509,0.3952210501740008
203468,CJ McCollum,POR,2019-20,70,36.5,22.2,4.2,4.4,0.8,0.6,1.8,0.451,0.757,0.379,2.8,7.3,8.7,19.4,2.0,2.6,0.541,0.257,1.0767645003933153,-0.5627206934430479,0.42243145649962455,-0.48112429017350644,0.019462510288800996,-0.24310444929877575,1.1400901401321635,-0.3787633811461511,-0.18946926749914653
1629629,Cam Reddish,ATL,2019-20,58,26.7,10.5,3.7,1.5,1.1,0.5,1.7,0.384,0.802,0.332,1.4,4.3,3.7,9.6,1.7,2.2,0.5,0.185,-1.0123484880901898,-0.7480267992454688,-0.9611146004562571,0.3635161303533171,-0.17272977881310775,-1.4007759294053217,-0.32868061698626744,0.16145881342739554,-0.30640733103377615
1627747,Caris LeVert,BKN,2019-20,45,29.6,18.7,4.2,4.4,1.2,0.2,2.6,0.425,0.711,0.364,1.8,4.9,6.9,16.3,3.1,4.4,0.514,0.284,0.45181617050508727,-0.5627206934430479,0.42243145649962455,0.6450629371955912,-0.7493066461188341,-0.6923500982953462,0.09096817076185583,-0.9309905133768877,0.7460352407778896
2546,Carmelo Anthony,POR,2019-20,58,32.8,15.4,6.3,1.5,0.8,0.5,1.7,0.43,0.845,0.385,1.5,3.9,5.8,13.5,2.3,2.8,0.525,0.214,-0.13742082624667046,0.21556495092712008,-0.9611146004562571,-0.48112429017350644,-0.17272977881310775,-0.6059567042575442,-0.22376842004923658,0.677671132686561,-0.30640733103377615
1626224,Cedi Osman,CLE,2019-20,65,29.4,11.0,3.6,2.4,0.8,0.2,1.4,0.437,0.67,0.383,1.9,4.9,4.1,9.4,1.0,1.4,0.552,0.162,-0.9230701552490144,-0.785088020405953,-0.5317382379527077,-0.48112429017350644,-0.7493066461188341,-0.48500595260462137,0.19588036769888648,-1.4231929573216733,-0.6572215216376648
101108,Chris Paul,OKC,2019-20,70,31.5,17.6,5.0,6.7,1.6,0.2,2.3,0.489,0.907,0.365,1.6,4.3,6.2,12.7,3.6,4.0,0.61,0.228,0.2554038382545017,-0.2662309241591744,1.5197266051198062,1.7712501645646894,-0.7493066461188341,0.41348534538851855,-0.1188562231122057,1.4219772674323363,0.3952210501740008
203991,Clint Capela,ATL,2019-20,39,32.8,13.9,13.8,1.2,0.8,1.8,1.6,0.629,0.529,0.0,0.0,0.0,6.3,9.9,1.4,2.7,0.626,0.156,-0.4052558247701968,2.9951565379634344,-1.1042400546241067,-0.48112429017350644,2.325769979511707,2.832500378446973,-1.7974513741046982,-3.1158891669854514,-0.42334539456840553
1629632,Coby White,CHI,2019-20,65,25.8,13.2,3.5,2.7,0.8,0.1,1.7,0.394,0.791,0.354,2.0,5.8,4.8,12.2,1.6,2.0,0.506,0.235,-0.5302454907478426,-0.8221492415664373,-0.38861278378485775,-0.48112429017350644,-0.941498935220743,-1.2279891413297177,0.30079256463591736,0.029404499198306355,-0.30640733103377615
1629012,Collin Sexton,CLE,2019-20,65,33.0,20.8,3.1,3.0,1.0,0.1,2.4,0.472,0.846,0.38,1.5,3.9,7.9,16.7,3.5,4.1,0.56,0.264,0.8267851684380243,-0.9703941262083741,-0.24548732961700803,0.08196932351104237,-0.941498935220743,0.11974780565999174,-0.22376842004923658,0.6896760703437509,0.5121591137086304
1626156,D'Angelo Russell,MIN,2019-20,45,32.3,23.1,3.9,6.3,1.1,0.3,3.3,0.426,0.809,0.367,3.5,9.6,8.0,18.8,3.6,4.4,0.556,0.305,1.2374654995074315,-0.6739043569245006,1.3288926662293397,0.3635161303533171,-0.5571143570169254,-0.6750714194877858,1.874475518691379,0.245493377027725,1.564601685520296
203081,Damian Lillard,POR,2019-20,66,37.5,30.0,4.3,8.0,1.1,0.3,2.9,0.463,0.888,0.401,4.1,10.2,9.5,20.4,7.0,7.8,0.627,0.294,2.4695064927156523,-0.5256594722825638,2.139936906513822,0.3635161303533171,-0.5571143570169254,-0.03576030360805092,2.503948700313564,1.1938834519457278,1.096849431381778
1627814,Damion Lee,GSW,2019-20,49,29.0,12.7,4.9,2.7,1.0,0.1,1.4,0.417,0.873,0.356,1.7,4.9,4.3,10.4,2.2,2.6,0.548,0.184,-0.619523823589018,-0.3032921453196584,-0.38861278378485775,0.08196932351104237,-0.941498935220743,-0.8305795287558294,-0.013944026175175052,1.0138093870878788,-0.6572215216376648
201568,Danilo Gallinari,OKC,2019-20,62,29.6,18.7,5.2,1.9,0.7,0.1,1.2,0.438,0.893,0.405,2.9,7.1,5.8,13.2,4.3,4.8,0.612,0.242,0.45181617050508727,-0.19210848183820592,-0.7702806615657907,-0.7626710970157812,-0.941498935220743,-0.46772727379706097,1.2450023370691943,1.2539081402316774,-0.8910976487069238
1627863,Danuel House Jr.,HOU,2019-20,63,30.4,10.5,4.2,1.3,1.1,0.5,0.9,0.427,0.811,0.363,2.0,5.6,3.7,8.6,1.2,1.4,0.572,0.135,-1.0123484880901898,-0.5627206934430479,-1.0565315699014903,0.3635161303533171,-0.17272977881310775,-0.6577927406802254,0.30079256463591736,0.26950325234210487,-1.2419118393108122
1629636,Darius Garland,CLE,2019-20,59,30.9,12.3,1.9,3.9,0.7,0.1,2.6,0.401,0.875,0.355,1.8,5.0,4.7,11.8,1.1,1.2,0.498,0.201,-0.6909464898619582,-1.4151287801341843,0.18388903288654132,-0.7626710970157812,-0.941498935220743,-1.1070383896767948,0.09096817076185583,1.0378192624022589,0.7460352407778896
1628368,De'Aaron Fox,SAC,2019-20,51,32.0,21.1,3.8,6.8,1.5,0.5,3.1,0.48,0.705,0.292,1.1,3.6,7.7,16.0,4.7,6.7,0.558,0.29,0.8803521681427298,-0.7109655780849847,1.5674350898424227,1.4897033577224146,-0.17272977881310775,0.25797723612047496,-0.6434172077973597,-1.0030201393200273,1.3307255584510373
1629631,De'Andre Hunter,ATL,2019-20,63,32.0,12.3,4.5,1.8,0.7,0.3,1.6,0.41,0.764,0.355,1.7,4.8,4.4,10.8,1.7,2.3,0.521,0.173,-0.6909464898619582,-0.45153702996159534,-0.8179891462884072,-0.7626710970157812,-0.5571143570169254,-0.9515302804087522,-0.013944026175175052,-0.29472881754582164,-0.42334539456840553
201942,DeMar DeRozan,SAS,2019-20,68,34.1,22.1,5.5,5.6,1.0,0.3,2.4,0.531,0.845,0.257,0.1,0.5,8.2,15.4,5.6,6.6,0.603,0.262,1.0589088338250807,-0.0809248183567534,0.9949332731710234,0.08196932351104237,-0.5571143570169254,1.1391898553060555,-1.6925391771676674,0.677671132686561,0.5121591137086304
1629028,Deandre Ayton,PHX,2019-20,38,32.5,18.2,11.5,1.9,0.7,1.5,2.1,0.546,0.753,0.231,0.1,0.3,8.2,14.9,1.8,2.3,0.568,0.231,0.3625378376639118,2.1427484512722983,-0.7702806615657907,-0.7626710970157812,1.7491931122059803,1.3983700374194614,-1.6925391771676674,-0.42678313177491084,0.16134492310474208
1627749,Dejounte Murray,SAS,2019-20,66,25.6,10.9,5.8,4.1,1.7,0.3,1.9,0.462,0.798,0.369,0.6,1.7,4.5,9.7,1.4,1.7,0.524,0.207,-0.9409258218172494,0.030258845124699115,0.2793060023317744,2.0527969714069636,-0.5571143570169254,-0.05303898241561133,-1.1679781924825139,0.11343906279863583,-0.07253120396451716
203471,Dennis Schröder,OKC,2019-20,65,30.8,18.9,3.6,4.0,0.7,0.2,2.6,0.469,0.839,0.385,1.9,5.0,7.0,14.8,3.0,3.6,0.575,0.262,0.4875275036415573,-0.785088020405953,0.23159751760915798,-0.7626710970157812,-0.7493066461188341,0.06791176923731053,0.19588036769888648,0.6056415067434214,0.7460352407778896
201565,Derrick Rose,DET,2019-20,50,26.0,18.1,2.4,5.6,0.8,0.3,2.5,0.49,0.871,0.306,0.9,2.9,7.4,15.1,2.4,2.8,0.555,0.303,0.3446821710956771,-1.2298226743317635,0.9949332731710234,-0.48112429017350644,-0.5571143570169254,0.43076402419607895,-0.8532416016714213,0.989799511773499,0.6290971772432601
1626164,Devin Booker,PHX,2019-20,70,35.9,26.6,4.2,6.5,0.7,0.3,3.8,0.489,0.919,0.354,2.0,5.7,9.0,18.3,6.7,7.3,0.618,0.294,1.8624138293956596,-0.5627206934430479,1.424309635674573,-0.7626710970157812,-0.5571143570169254,0.41348534538851855,0.30079256463591736,1.5660365193186154,2.1492920031934437
1628984,Devonte' Graham,CHA,2019-20,63,35.1,18.2,3.4,7.5,1.0,0.2,2.9,0.382,0.82,0.373,3.5,9.3,5.8,15.3,3.0,3.7,0.537,0.243,0.3625378376639118,-0.8592104627269215,1.901394482900739,0.08196932351104237,-0.7493066461188341,-1.4353332870204425,1.874475518691379,0.37754769125681287,1.096849431381778
1628415,Dillon Brooks,MEM,2019-20,73,28.9,16.2,3.3,2.1,0.9,0.4,1.7,0.407,0.808,0.358,2.0,5.6,6.0,14.6,2.2,2.8,0.51,0.247,0.005424506299210054,-0.8962716838874057,-0.6748636921205574,-0.19957748333123201,-0.3649220679150165,-1.0033663168314335,0.30079256463591736,0.2334884393705351,-0.30640733103377615
1627734,Domantas Sabonis,IND,2019-20,62,34.8,18.5,12.4,5.0,0.8,0.5,2.7,0.54,0.723,0.254,0.3,1.1,7.4,13.7,3.5,4.8,0.586,0.229,0.4161048373686172,2.476299441716656,0.708682364835324,-0.48112429017350644,-0.17272977881310775,1.294697964574099,-1.4827147832936058,-0.7869312614906085,0.8629733043125193
1628378,Donovan Mitchell,UTA,2019-20,69,34.3,24.0,4.4,4.3,1.0,0.2,2.7,0.449,0.863,0.366,2.5,6.9,8.7,19.4,4.0,4.7,0.558,0.303,1.398166498621547,-0.4885982511220794,0.3747229717770077,0.08196932351104237,-0.7493066461188341,-0.2776618069138966,0.8253535493210713,0.8937600105159796,0.8629733043125193
1627827,Dorian Finney-Smith,DAL,2019-20,71,29.9,9.5,5.7,1.6,0.6,0.5,1.0,0.466,0.722,0.376,1.6,4.3,3.4,7.4,1.1,1.5,0.595,0.128,-1.1909051537725408,-0.006802376035784945,-0.9134061157336404,-1.0442179038580555,-0.17272977881310775,0.016075732814630282,-0.1188562231122057,-0.7989361991477985,-1.1249737757761826
203110,Draymond Green,GSW,2019-20,43,28.4,8.0,6.2,6.2,1.4,0.8,2.3,0.389,0.759,0.279,0.8,3.0,2.9,7.3,1.5,1.9,0.489,0.156,-1.458740152296067,0.17850372976663603,1.2811841815067233,1.20815655088014,0.4038470884926187,-1.3143825353675198,-0.9581537986084521,-0.3547535058317713,0.3952210501740008
1629130,Duncan Robinson,MIA,2019-20,73,29.7,13.5,3.2,1.4,0.5,0.3,1.0,0.47,0.931,0.446,3.7,8.3,4.4,9.4,0.9,1.0,0.684,0.157,-0.4766784910431372,-0.9333329050478898,-1.0088230851788738,-1.3257647107003299,-0.5571143570169254,0.08519044804487093,2.0842999125654407,1.7100957712048945,-1.1249737757761826
203939,Dwight Powell,DAL,2019-20,40,26.5,9.4,5.7,1.5,0.9,0.6,0.9,0.638,0.667,0.256,0.3,1.0,3.7,5.7,1.9,2.8,0.677,0.126,-1.2087608203407758,-0.006802376035784945,-0.9611146004562571,-0.19957748333123201,0.019462510288800996,2.9880084877150166,-1.4827147832936058,-1.4592077702932431,-1.2419118393108122
202722,Dāvis Bertāns,WAS,2019-20,54,29.3,15.4,4.5,1.7,0.7,0.6,1.1,0.434,0.852,0.424,3.7,8.7,4.9,11.3,1.9,2.3,0.628,0.183,-0.13742082624667046,-0.45153702996159534,-0.8656976310110238,-0.7626710970157812,0.019462510288800996,-0.5368419890273026,2.0842999125654407,0.7617056962868904,-1.008035712241553
203901,Elfrid Payton,NYK,2019-20,45,27.7,10.0,4.7,7.2,1.6,0.4,2.1,0.439,0.57,0.203,0.3,1.5,4.3,9.8,1.1,1.9,0.47,0.19,-1.1016268209313653,-0.3774145876406269,1.7582690287328893,1.7712501645646894,-0.3649220679150165,-0.4504485949895006,-1.4827147832936058,-2.6236867230406657,0.16134492310474208
202339,Eric Bledsoe,MIL,2019-20,61,27.0,14.9,4.6,5.4,0.9,0.4,2.4,0.475,0.79,0.344,1.2,3.5,5.5,11.5,2.8,3.5,0.571,0.233,-0.2266991590878459,-0.4144758088011113,0.8995163037257905,-0.19957748333123201,-0.3649220679150165,0.17158384208267294,-0.538505010860329,0.017399561541116427,0.5121591137086304
201569,Eric Gordon,HOU,2019-20,36,28.2,14.4,2.0,1.5,0.6,0.4,1.2,0.369,0.766,0.317,2.7,8.4,4.8,12.9,2.3,3.0,0.51,0.215,-0.31597749192902136,-1.3780675589737001,-0.9611146004562571,-1.0442179038580555,-0.3649220679150165,-1.6599561115187278,1.0351779431951331,-0.2707189422314418,-0.8910976487069238
1629672,Eric Paschall,GSW,2019-20,60,27.6,14.0,4.6,2.1,0.5,0.2,1.6,0.497,0.774,0.287,0.6,2.2,5.3,10.7,2.7,3.5,0.571,0.207,-0.3874001582019618,-0.4144758088011113,-0.6748636921205574,-1.3257647107003299,-0.7493066461188341,0.5517147758490017,-1.1679781924825139,-0.17467944097392238,-0.42334539456840553
203095,Evan Fournier,ORL,2019-20,66,31.4,18.5,2.6,3.2,1.1,0.2,1.9,0.467,0.818,0.399,2.6,6.6,6.6,14.1,2.7,3.3,0.595,0.237,0.4161048373686172,-1.155700232010795,-0.15007036017177475,0.3635161303533171,-0.7493066461188341,0.03335441162219068,0.9302657462581021,0.353537815942433,-0.07253120396451716
1627832,Fred VanVleet,TOR,2019-20,54,35.7,17.6,3.8,6.6,1.9,0.3,2.2,0.413,0.848,0.39,2.7,6.9,5.9,14.3,3.1,3.7,0.553,0.218,0.2554038382545017,-0.7109655780849847,1.4720181203971894,2.6158905850915124,-0.5571143570169254,-0.899694243986071,1.0351779431951331,0.7136859456581308,0.2782829866393717
202066,Garrett Temple,BKN,2019-20,62,27.9,10.3,3.5,2.5,0.8,0.5,1.0,0.378,0.805,0.329,2.0,6.2,3.6,9.5,1.1,1.4,0.513,0.162,-1.0480598212266599,-0.8221492415664373,-0.484029753230091,-0.48112429017350644,-0.17272977881310775,-1.504448002250684,0.30079256463591736,0.19747362639896532,-1.1249737757761826
203914,Gary Harris,DEN,2019-20,56,31.8,10.4,2.9,2.1,1.4,0.3,1.1,0.42,0.815,0.333,1.3,3.8,3.9,9.3,1.3,1.6,0.519,0.15,-1.0302041546584249,-1.0445165685293425,-0.6748636921205574,1.20815655088014,-0.5571143570169254,-0.7787434923331482,-0.4335928139232981,0.3175230029708632,-1.008035712241553
203507,Giannis Antetokounmpo,MIL,2019-20,63,30.4,29.5,13.6,5.6,1.0,1.0,3.7,0.553,0.633,0.304,1.4,4.7,10.9,19.7,6.3,10.0,0.613,0.363,2.380228159874477,2.921034095642466,0.9949332731710234,0.08196932351104237,0.7882316666964362,1.5193207890723843,-0.32868061698626744,-1.8673756506377006,2.0323539396588144
203922,Glenn Robinson III,PHI,2019-20,62,28.8,11.7,4.4,1.5,0.9,0.3,0.9,0.486,0.86,0.391,1.2,3.2,4.6,9.5,1.2,1.4,0.577,0.16,-0.7980804892713689,-0.4885982511220794,-0.9611146004562571,-0.19957748333123201,-0.5571143570169254,0.36164930896583736,-0.538505010860329,0.8577451975444099,-1.2419118393108122
201609,Goran Dragic,MIA,2019-20,59,28.2,16.2,3.2,5.1,0.7,0.2,2.4,0.441,0.776,0.367,2.1,5.7,5.4,12.3,3.2,4.2,0.573,0.248,0.005424506299210054,-0.9333329050478898,0.7563908495579404,-0.7626710970157812,-0.7493066461188341,-0.4158912373743798,0.4057047615729482,-0.15066956565954254,0.5121591137086304
202330,Gordon Hayward,BOS,2019-20,52,33.5,17.5,6.7,4.1,0.7,0.4,1.8,0.5,0.855,0.383,1.6,4.3,6.7,13.5,2.4,2.8,0.595,0.206,0.23754817168626632,0.363809835569057,0.2793060023317744,-0.7626710970157812,-0.3649220679150165,0.603550812271683,-0.1188562231122057,0.7977205092584603,-0.18946926749914653
203084,Harrison Barnes,SAC,2019-20,72,34.5,14.5,4.9,2.2,0.6,0.2,1.2,0.46,0.801,0.381,1.4,3.7,5.1,11.0,3.0,3.7,0.574,0.172,-0.2981218253607863,-0.3032921453196584,-0.6271552073979407,-1.0442179038580555,-0.7493066461188341,-0.08759634003073213,-0.32868061698626744,0.1494538757702056,-0.8910976487069238
202355,Hassan Whiteside,POR,2019-20,67,30.0,15.5,13.5,1.2,0.4,2.9,1.8,0.621,0.686,0.571,0.1,0.1,6.5,10.5,2.4,3.6,0.644,0.192,-0.11956515967843544,2.883972874481982,-1.1042400546241067,-1.6073115175426043,4.439885159632703,2.6942709479864897,-1.6925391771676674,-1.2311139548066345,-0.18946926749914653
202397,Ish Smith,WAS,2019-20,68,26.3,10.9,3.2,4.9,0.9,0.4,1.4,0.447,0.721,0.367,0.9,2.5,4.5,10.1,0.9,1.3,0.509,0.186,-0.9409258218172494,-0.9333329050478898,0.6609738801127075,-0.19957748333123201,-0.3649220679150165,-0.3122191645290174,-0.8532416016714213,-0.8109411368049885,-0.6572215216376648
200755,JJ Redick,NOP,2019-20,60,26.3,15.3,2.5,2.0,0.3,0.2,1.3,0.453,0.892,0.453,3.0,6.6,4.8,10.5,2.8,3.1,0.644,0.197,-0.1552764928149055,-1.1927614531712791,-0.722572176843174,-1.8888583243848787,-0.7493066461188341,-0.20854709168365496,1.3499145340062253,1.2419032025744874,-0.7741595851722941
1629630,Ja Morant,MEM,2019-20,67,31.0,17.8,3.9,7.3,0.9,0.3,3.3,0.477,0.776,0.335,0.9,2.7,6.7,14.0,3.6,4.6,0.556,0.256,0.2911151713909717,-0.6739043569245006,1.8059775134555056,-0.19957748333123201,-0.5571143570169254,0.20614119969779374,-0.8532416016714213,-0.15066956565954254,1.564601685520296
203109,Jae Crowder,MIA,2019-20,65,28.8,10.5,5.9,2.5,1.1,0.4,1.1,0.401,0.776,0.343,2.1,6.1,3.5,8.7,1.5,1.9,0.553,0.152,-1.0123484880901898,0.06732006628518351,-0.484029753230091,0.3635161303533171,-0.3649220679150165,-1.1070383896767948,0.4057047615729482,-0.15066956565954254,-1.008035712241553
1627750,Jamal Murray,DEN,2019-20,59,32.3,18.5,4.0,4.8,1.1,0.3,2.2,0.456,0.881,0.346,1.9,5.5,6.9,15.2,2.8,3.1,0.559,0.248,0.4161048373686172,-0.6368431357640163,0.6132653953900907,0.3635161303533171,-0.5571143570169254,-0.15671105526097373,0.19588036769888648,1.1098488883453983,0.2782829866393717
201935,James Harden,HOU,2019-20,68,36.5,34.3,6.6,7.5,1.8,0.9,4.5,0.444,0.865,0.355,4.4,12.4,9.9,22.3,10.2,11.8,0.626,0.356,3.2373001551497604,0.3267486144085726,1.901394482900739,2.334343778249238,0.5960393775945275,-0.3640552009516986,2.8186852911246567,0.9177698858303595,2.9678584479358507
1628991,Jaren Jackson Jr.,MEM,2019-20,57,28.5,17.4,4.6,1.4,0.7,1.6,1.7,0.469,0.747,0.394,2.5,6.5,6.2,13.2,2.4,3.3,0.593,0.238,0.21969250511803098,-0.4144758088011113,-1.0088230851788738,-0.7626710970157812,1.941385401307889,0.06791176923731053,0.8253535493210713,-0.4988127577180504,-0.30640733103377615
1628386,Jarrett Allen,BKN,2019-20,70,26.5,11.1,9.6,1.6,0.6,1.3,1.1,0.649,0.633,0.0,0.0,0.1,4.3,6.6,2.4,3.9,0.664,0.148,-0.9052144886807794,1.4385852492230984,-0.9134061157336404,-1.0442179038580555,1.3648085340021627,3.178073954598181,-1.7974513741046982,-1.8673756506377006,-1.008035712241553
1627759,Jaylen Brown,BOS,2019-20,57,33.9,20.3,6.4,2.1,1.1,0.4,2.2,0.481,0.724,0.382,2.3,5.9,7.5,15.6,3.1,4.3,0.583,0.245,0.7375068355968489,0.25262617208760446,-0.6748636921205574,0.3635161303533171,-0.3649220679150165,0.27525591492803536,0.6155291554470095,-0.7749263238334186,0.2782829866393717
1628369,Jayson Tatum,BOS,2019-20,66,34.3,23.4,7.0,3.0,1.4,0.9,2.3,0.45,0.812,0.403,2.9,7.1,8.4,18.6,3.8,4.7,0.567,0.28,1.2910324992121363,0.4749934990505095,-0.24548732961700803,1.20815655088014,0.5960393775945275,-0.2603831281063362,1.2450023370691943,0.2815081899992948,0.3952210501740008
203924,Jerami Grant,DEN,2019-20,71,26.6,12.0,3.5,1.2,0.7,0.8,0.9,0.478,0.75,0.389,1.4,3.5,4.3,8.9,2.1,2.8,0.591,0.177,-0.7445134895666635,-0.8221492415664373,-1.1042400546241067,-0.7626710970157812,0.4038470884926187,0.22341987850535414,-0.32868061698626744,-0.4627979447464806,-1.2419118393108122
203087,Jeremy Lamb,IND,2019-20,46,28.1,12.5,4.3,2.1,1.2,0.5,1.1,0.451,0.836,0.335,1.2,3.4,4.7,10.4,2.0,2.4,0.547,0.195,-0.655235156725488,-0.5256594722825638,-0.6748636921205574,0.6450629371955912,-0.17272977881310775,-0.24310444929877575,-0.538505010860329,0.5696266937718517,-1.008035712241553
202710,Jimmy Butler III,MIA,2019-20,58,33.8,19.9,6.7,6.0,1.8,0.6,2.2,0.455,0.834,0.244,0.5,2.1,5.9,13.1,7.6,9.1,0.585,0.246,0.6660841693239081,0.363809835569057,1.18576721206149,2.334343778249238,0.019462510288800996,-0.17398973406853413,-1.2728903894195445,0.5456168184574718,0.2782829866393717
203925,Joe Harris,BKN,2019-20,69,30.8,14.5,4.3,2.1,0.6,0.2,1.5,0.486,0.719,0.424,2.5,5.9,5.5,11.4,0.9,1.3,0.606,0.179,-0.2981218253607863,-0.5256594722825638,-0.6748636921205574,-1.0442179038580555,-0.7493066461188341,0.36164930896583736,0.8253535493210713,-0.8349510121193683,-0.5402834581030351
204060,Joe Ingles,UTA,2019-20,72,29.7,9.8,3.9,5.2,0.9,0.2,2.0,0.445,0.787,0.399,2.0,4.9,3.4,7.7,1.0,1.3,0.595,0.148,-1.1373381540678353,-0.6739043569245006,0.8040993342805572,-0.19957748333123201,-0.7493066461188341,-0.3467765221441382,0.30079256463591736,-0.01861525143045335,0.04440685957011245
203954,Joel Embiid,PHI,2019-20,51,29.5,23.0,11.6,3.0,0.9,1.3,3.1,0.477,0.807,0.331,1.1,3.4,7.5,15.7,6.9,8.5,0.59,0.315,1.2196098329391962,2.1798096724327825,-0.24548732961700803,-0.19957748333123201,1.3648085340021627,0.20614119969779374,-0.6434172077973597,0.22148350171334516,1.3307255584510373
1628381,John Collins,ATL,2019-20,41,33.2,21.6,10.1,1.5,0.8,1.6,1.8,0.583,0.8,0.401,1.4,3.6,8.6,14.8,2.9,3.7,0.659,0.224,0.9696305009839051,1.6238913550255194,-0.9611146004562571,-0.48112429017350644,1.941385401307889,2.0376811532991943,-0.32868061698626744,0.13744893811301567,-0.18946926749914653
202685,Jonas Valančiūnas,MEM,2019-20,70,26.4,14.9,11.3,1.9,0.4,1.1,1.8,0.585,0.74,0.352,0.5,1.3,6.2,10.6,2.1,2.9,0.631,0.211,-0.2266991590878459,2.06862600895133,-0.7702806615657907,-1.6073115175426043,0.9804239557983452,2.0722385109143153,-1.2728903894195445,-0.5828473213183798,-0.18946926749914653
1628371,Jonathan Isaac,ORL,2019-20,34,28.8,11.9,6.8,1.4,1.6,2.3,1.4,0.47,0.779,0.34,0.9,2.8,4.6,9.8,1.8,2.3,0.552,0.181,-0.7623691561348985,0.40087105672954104,-1.0088230851788738,1.7712501645646894,3.28673142502125,0.08519044804487093,-0.8532416016714213,-0.11465475268797275,-0.6572215216376648
1628404,Josh Hart,NOP,2019-20,65,27.0,10.1,6.5,1.7,1.0,0.4,1.2,0.423,0.739,0.342,1.9,5.4,3.5,8.2,1.3,1.8,0.563,0.15,-1.0837711543631303,0.28968739324808856,-0.8656976310110238,0.08196932351104237,-0.3649220679150165,-0.726907455910467,0.19588036769888648,-0.5948522589755698,-0.8910976487069238
1626196,Josh Richardson,PHI,2019-20,55,30.8,13.7,3.2,2.9,0.9,0.7,1.9,0.43,0.809,0.341,1.5,4.5,5.1,11.7,2.1,2.6,0.533,0.2,-0.44096715790666713,-0.9333329050478898,-0.29319581433962466,-0.19957748333123201,0.21165479939070975,-0.6059567042575442,-0.22376842004923658,0.245493377027725,-0.07253120396451716
201950,Jrue Holiday,NOP,2019-20,61,34.7,19.1,4.8,6.7,1.6,0.8,3.0,0.455,0.709,0.353,2.0,5.7,7.5,16.5,2.1,3.0,0.537,0.241,0.523238836778028,-0.3403533664801428,1.5197266051198062,1.7712501645646894,0.4038470884926187,-0.17398973406853413,0.30079256463591736,-0.9550003886912676,1.2137874949164076
203944,Julius Randle,NYK,2019-20,64,32.5,19.5,9.7,3.1,0.8,0.3,3.0,0.46,0.733,0.277,1.0,3.6,7.2,15.7,4.0,5.5,0.538,0.271,0.5946615030509681,1.4756464703835825,-0.19777884489439138,-0.48112429017350644,-0.5571143570169254,-0.08759634003073213,-0.7483294047343905,-0.6668818849187094,1.2137874949164076
1626157,Karl-Anthony Towns,MIN,2019-20,35,33.9,26.5,10.8,4.4,0.9,1.2,3.1,0.508,0.796,0.412,3.3,7.9,9.0,17.8,5.1,6.5,0.642,0.278,1.8445581628274241,1.8833199031489092,0.42243145649962455,-0.19957748333123201,1.1726162449002537,0.7417802427321663,1.6646511248173175,0.08942918748425598,1.3307255584510373
202695,Kawhi Leonard,LAC,2019-20,57,32.4,27.1,7.1,4.9,1.8,0.6,2.6,0.47,0.886,0.378,2.2,5.7,9.3,19.9,6.2,7.1,0.589,0.327,1.951692162236835,0.5120547202109935,0.6609738801127075,2.334343778249238,0.019462510288800996,0.08519044804487093,0.5106169585099791,1.169873576631348,0.7460352407778896
1626162,Kelly Oubre Jr.,PHX,2019-20,56,34.5,18.7,6.4,1.5,1.3,0.7,1.5,0.452,0.78,0.352,1.9,5.5,6.7,14.8,3.4,4.4,0.56,0.219,0.45181617050508727,0.25262617208760446,-0.9611146004562571,0.9266097440378659,0.21165479939070975,-0.22582577049121536,0.19588036769888648,-0.10264981503078283,-0.5402834581030351
202689,Kemba Walker,BOS,2019-20,56,31.1,20.4,3.9,4.8,0.9,0.5,2.1,0.425,0.864,0.381,3.2,8.4,6.8,15.9,3.7,4.3,0.575,0.268,0.7553625021650836,-0.6739043569245006,0.6132653953900907,-0.19957748333123201,-0.17272977881310775,-0.6923500982953462,1.559738927880287,0.9057649481731695,0.16134492310474208
1629134,Kendrick Nunn,MIA,2019-20,67,29.3,15.3,2.7,3.3,0.8,0.2,1.7,0.439,0.85,0.35,2.0,5.8,6.0,13.6,1.3,1.5,0.534,0.236,-0.1552764928149055,-1.1186390108503108,-0.10236187544915831,-0.48112429017350644,-0.7493066461188341,-0.4504485949895006,0.30079256463591736,0.7376958209725106,-0.30640733103377615
203484,Kentavious Caldwell-Pope,LAL,2019-20,69,25.5,9.3,2.1,1.6,0.8,0.2,0.9,0.467,0.775,0.385,1.3,3.5,3.4,7.3,1.1,1.5,0.584,0.142,-1.2266164869090108,-1.341006337813216,-0.9134061157336404,-0.48112429017350644,-0.7493066461188341,0.03335441162219068,-0.4335928139232981,-0.16267450331673244,-1.2419118393108122
1628989,Kevin Huerter,ATL,2019-20,56,31.4,12.2,4.1,3.8,0.9,0.5,1.6,0.413,0.828,0.38,2.3,6.0,4.5,10.9,0.9,1.1,0.536,0.169,-0.7088021564301935,-0.5997819146035323,0.1361805481639247,-0.19957748333123201,-0.17272977881310775,-0.899694243986071,0.6155291554470095,0.47358719251433223,-0.42334539456840553
201567,Kevin Love,CLE,2019-20,56,31.8,17.6,9.8,3.2,0.6,0.3,2.5,0.45,0.854,0.374,2.6,7.0,5.8,13.0,3.3,3.9,0.599,0.225,0.2554038382545017,1.5127076915440671,-0.15007036017177475,-1.0442179038580555,-0.5571143570169254,-0.2603831281063362,0.9302657462581021,0.7857155716012704,0.6290971772432601
203114,Khris Middleton,MIL,2019-20,62,29.9,20.9,6.2,4.3,0.9,0.1,2.2,0.497,0.916,0.415,2.4,5.7,7.6,15.3,3.4,3.7,0.619,0.26,0.8446408350062591,0.17850372976663603,0.3747229717770077,-0.19957748333123201,-0.941498935220743,0.5517147758490017,0.7204413523840404,1.5300217063470456,0.2782829866393717
204001,Kristaps Porziņģis,DAL,2019-20,57,31.8,20.4,9.5,1.8,0.7,2.0,1.6,0.427,0.799,0.352,2.5,7.1,7.0,16.4,4.0,5.0,0.551,0.263,0.7553625021650836,1.4015240280626144,-0.8179891462884072,-0.7626710970157812,2.710154557715524,-0.6577927406802254,0.8253535493210713,0.12544400045582577,-0.42334539456840553
200768,Kyle Lowry,TOR,2019-20,58,36.2,19.4,5.0,7.5,1.4,0.4,3.1,0.416,0.857,0.352,2.8,8.0,5.8,13.8,5.1,5.9,0.59,0.225,0.5768058364827328,-0.2662309241591744,1.901394482900739,1.20815655088014,-0.3649220679150165,-0.8478582075633898,1.1400901401321635,0.8217303845728401,1.3307255584510373
202681,Kyrie Irving,BKN,2019-20,20,32.9,27.4,5.2,6.4,1.4,0.5,2.6,0.478,0.922,0.394,2.8,7.1,10.0,20.8,4.7,5.1,0.595,0.318,2.00525916194154,-0.19210848183820592,1.3766011509519565,1.20815655088014,-0.17272977881310775,0.22341987850535414,1.1400901401321635,1.6020513322901853,0.7460352407778896
200746,LaMarcus Aldridge,SAS,2019-20,53,33.1,18.9,7.4,2.4,0.7,1.6,1.4,0.493,0.827,0.389,1.2,3.0,7.4,15.0,3.0,3.6,0.571,0.236,0.4875275036415573,0.6232383836924464,-0.5317382379527077,-0.7626710970157812,1.941385401307889,0.4826000606187602,-0.538505010860329,0.4615822548571423,-0.6572215216376648
1629013,Landry Shamet,LAC,2019-20,53,27.4,9.3,1.9,1.9,0.4,0.2,0.8,0.404,0.855,0.375,2.1,5.6,3.0,7.4,1.2,1.4,0.58,0.132,-1.2266164869090108,-1.4151287801341843,-0.7702806615657907,-1.6073115175426043,-0.7493066461188341,-1.0552023532541137,0.4057047615729482,0.7977205092584603,-1.3588499028454417
204038,Langston Galloway,DET,2019-20,66,25.8,10.3,2.3,1.5,0.7,0.2,0.6,0.435,0.859,0.399,2.0,5.0,3.6,8.2,1.1,1.3,0.584,0.149,-1.0480598212266599,-1.2668838954922477,-0.9611146004562571,-0.7626710970157812,-0.7493066461188341,-0.5195633102197422,0.30079256463591736,0.8457402598872199,-1.592726029914701
1626204,Larry Nance Jr.,CLE,2019-20,56,26.3,10.1,7.3,2.2,1.0,0.4,1.1,0.531,0.676,0.352,1.0,2.8,4.1,7.7,0.9,1.3,0.608,0.15,-1.0837711543631303,0.5861771625319621,-0.6271552073979407,0.08196932351104237,-0.3649220679150165,1.1391898553060555,-0.7483294047343905,-1.3511633313785338,-1.008035712241553
1628374,Lauri Markkanen,CHI,2019-20,50,29.8,14.7,6.3,1.5,0.8,0.5,1.6,0.425,0.824,0.344,2.2,6.3,5.0,11.8,2.5,3.1,0.56,0.209,-0.2624104922243163,0.21556495092712008,-0.9611146004562571,-0.48112429017350644,-0.17272977881310775,-0.6923500982953462,0.5106169585099791,0.42556744188557255,-0.42334539456840553
2544,LeBron James,LAL,2019-20,67,34.6,25.3,7.8,10.2,1.2,0.5,3.9,0.493,0.693,0.348,2.2,6.3,9.6,19.4,3.9,5.7,0.577,0.308,1.6302901640086034,0.771483268334383,3.189523570411387,0.6450629371955912,-0.17272977881310775,0.4826000606187602,0.5106169585099791,-1.1470793912063064,2.266230066728073
1628366,Lonzo Ball,NOP,2019-20,63,32.1,11.8,6.1,7.0,1.4,0.6,3.1,0.403,0.566,0.375,2.3,6.3,4.4,10.9,0.7,1.2,0.517,0.181,-0.7802248227031335,0.14144250860615162,1.662852059287656,1.20815655088014,0.019462510288800996,-1.072481032061674,0.6155291554470095,-2.6717064736694254,1.3307255584510373
101150,Lou Williams,LAC,2019-20,65,28.7,18.2,3.1,5.6,0.7,0.2,2.8,0.418,0.861,0.352,1.7,4.8,6.0,14.4,4.5,5.2,0.546,0.271,0.3625378376639118,-0.9703941262083741,0.9949332731710234,-0.7626710970157812,-0.7493066461188341,-0.813300849948269,-0.013944026175175052,0.8697501352015998,0.9799113678471484
1629029,Luka Dončić,DAL,2019-20,61,33.6,28.8,9.4,8.8,1.0,0.2,4.3,0.463,0.758,0.316,2.8,8.9,9.5,20.6,7.0,9.2,0.585,0.355,2.2552384938968313,1.3644628069021303,2.5216047842947553,0.08196932351104237,-0.7493066461188341,-0.03576030360805092,1.1400901401321635,-0.3667584434889612,2.733982320866591
1628379,Luke Kennard,DET,2019-20,28,32.9,15.8,3.5,4.1,0.4,0.2,1.5,0.442,0.893,0.399,2.6,6.5,5.4,12.2,2.4,2.7,0.589,0.193,-0.06599815997373004,-0.8221492415664373,0.2793060023317744,-1.6073115175426043,-0.7493066461188341,-0.3986125585668194,0.9302657462581021,1.2539081402316774,-0.5402834581030351
1627763,Malcolm Brogdon,IND,2019-20,54,30.9,16.5,4.9,7.1,0.6,0.2,2.4,0.438,0.892,0.326,1.4,4.3,6.0,13.8,3.1,3.4,0.541,0.249,0.05899150600391544,-0.3032921453196584,1.7105605440102725,-1.0442179038580555,-0.7493066461188341,-0.46772727379706097,-0.32868061698626744,1.2419032025744874,0.5121591137086304
201188,Marc Gasol,TOR,2019-20,44,26.4,7.5,6.3,3.3,0.8,0.9,1.3,0.427,0.735,0.385,1.3,3.4,2.7,6.3,0.8,1.1,0.551,0.133,-1.5480184851372425,0.21556495092712008,-0.10236187544915831,-0.48112429017350644,0.5960393775945275,-0.6577927406802254,-0.4335928139232981,-0.6428720096043294,-0.7741595851722941
202694,Marcus Morris Sr.,LAC,2019-20,62,31.2,16.7,5.0,1.4,0.8,0.5,1.6,0.438,0.823,0.408,2.3,5.6,5.7,13.1,2.9,3.5,0.57,0.216,0.09470283914038549,-0.2662309241591744,-1.0088230851788738,-0.48112429017350644,-0.17272977881310775,-0.46772727379706097,0.6155291554470095,0.41356250422838264,-0.42334539456840553
203935,Marcus Smart,BOS,2019-20,60,32.0,12.9,3.8,4.9,1.7,0.5,1.7,0.375,0.836,0.347,2.3,6.6,4.3,11.4,2.1,2.5,0.518,0.183,-0.5838124904525477,-0.7109655780849847,0.6609738801127075,2.0527969714069636,-0.17272977881310775,-1.5562840386733654,0.6155291554470095,0.5696266937718517,-0.30640733103377615
1628365,Markelle Fultz,ORL,2019-20,72,27.7,12.1,3.3,5.1,1.3,0.2,2.0,0.465,0.73,0.267,0.5,1.9,5.0,10.7,1.6,2.2,0.517,0.21,-0.7266578229984285,-0.8962716838874057,0.7563908495579404,0.9266097440378659,-0.7493066461188341,-0.0012029459929301213,-1.2728903894195445,-0.7028966978902791,0.04440685957011245
1628467,Maxi Kleber,DAL,2019-20,74,25.5,9.1,5.2,1.2,0.3,1.1,0.8,0.461,0.849,0.373,1.6,4.3,3.2,6.9,1.1,1.3,0.605,0.134,-1.262327820045481,-0.19210848183820592,-1.1042400546241067,-1.8888583243848787,0.9804239557983452,-0.07031766122317173,-0.1188562231122057,0.7256908833153207,-1.3588499028454417
1628969,Mikal Bridges,PHX,2019-20,73,28.0,9.1,4.0,1.8,1.4,0.6,1.0,0.51,0.844,0.361,1.0,2.7,3.4,6.6,1.4,1.7,0.62,0.125,-1.262327820045481,-0.6368431357640163,-0.8179891462884072,1.20815655088014,0.019462510288800996,0.776337600347287,-0.7483294047343905,0.6656661950293711,-1.1249737757761826
201144,Mike Conley,UTA,2019-20,47,29.0,14.4,3.2,4.4,0.8,0.1,2.0,0.409,0.827,0.375,2.0,5.4,4.9,12.1,2.4,3.0,0.537,0.223,-0.31597749192902136,-0.9333329050478898,0.42243145649962455,-0.48112429017350644,-0.941498935220743,-0.9688089592163126,0.30079256463591736,0.4615822548571423,0.04440685957011245
1628970,Miles Bridges,CHA,2019-20,65,30.7,13.0,5.6,1.8,0.6,0.7,1.5,0.424,0.809,0.33,1.5,4.6,4.9,11.6,1.6,2.0,0.52,0.196,-0.5659568238843127,-0.04386359719626934,-0.8179891462884072,-1.0442179038580555,0.21165479939070975,-0.7096287771029066,-0.22376842004923658,0.245493377027725,-0.5402834581030351
1626149,Montrezl Harrell,LAC,2019-20,63,27.8,18.6,7.1,1.7,0.6,1.1,1.7,0.58,0.658,0.0,0.0,0.3,7.5,12.9,3.7,5.6,0.607,0.245,0.43396050393685254,0.5120547202109935,-0.8656976310110238,-1.0442179038580555,0.9804239557983452,1.9858451168765132,-1.7974513741046982,-1.5672522092079524,-0.30640733103377615
1626167,Myles Turner,IND,2019-20,62,29.4,12.1,6.6,1.2,0.7,2.1,1.4,0.457,0.751,0.344,1.4,4.0,4.3,9.5,2.0,2.7,0.566,0.18,-0.7266578229984285,0.3267486144085726,-1.1042400546241067,-0.7626710970157812,2.902346846817433,-0.13943237645341333,-0.32868061698626744,-0.45079300708929065,-0.6572215216376648
202357,Nemanja Bjelica,SAC,2019-20,72,27.9,11.5,6.4,2.8,0.9,0.6,1.4,0.481,0.821,0.419,1.9,4.4,4.4,9.1,1.0,1.2,0.602,0.167,-0.833791822407839,0.25262617208760446,-0.3409042990622413,-0.19957748333123201,0.019462510288800996,0.27525591492803536,0.19588036769888648,0.3895526289140028,-0.6572215216376648
203999,Nikola Jokić,DEN,2019-20,73,32.0,19.9,9.7,7.0,1.2,0.6,3.1,0.528,0.817,0.314,1.1,3.5,7.7,14.7,3.4,4.1,0.605,0.266,0.6660841693239081,1.4756464703835825,1.662852059287656,0.6450629371955912,0.019462510288800996,1.0873538188833742,-0.6434172077973597,0.3415328782852431,1.3307255584510373
202696,Nikola Vučević,ORL,2019-20,62,32.2,19.6,10.9,3.6,0.9,0.8,1.4,0.477,0.784,0.339,1.6,4.7,8.0,16.7,2.1,2.7,0.549,0.258,0.6125171696192034,1.9203811243093931,0.040763578718691615,-0.19957748333123201,0.4038470884926187,0.20614119969779374,-0.1188562231122057,-0.05463006440202312,-0.6572215216376648
1626181,Norman Powell,TOR,2019-20,52,28.4,16.0,3.7,1.8,1.2,0.4,1.5,0.495,0.843,0.399,2.1,5.3,5.7,11.5,2.5,2.9,0.624,0.21,-0.030286826837259993,-0.7480267992454688,-0.8179891462884072,0.6450629371955912,-0.3649220679150165,0.517157418233881,0.4057047615729482,0.6536612573721812,-0.5402834581030351
1628384,OG Anunoby,TOR,2019-20,69,29.9,10.6,5.3,1.6,1.4,0.7,1.1,0.505,0.706,0.39,1.3,3.3,4.1,8.2,1.0,1.5,0.6,0.142,-0.9944928215219548,-0.15504726067772184,-0.9134061157336404,1.20815655088014,0.21165479939070975,0.689944206309485,-0.4335928139232981,-0.9910152016628373,-1.008035712241553
200782,P.J. Tucker,HOU,2019-20,72,34.3,6.9,6.6,1.6,1.1,0.5,1.0,0.415,0.813,0.358,1.5,4.2,2.5,5.9,0.5,0.7,0.559,0.087,-1.655152484546653,0.3267486144085726,-0.9134061157336404,0.3635161303533171,-0.17272977881310775,-0.8651368863709502,-0.22376842004923658,0.29351312765648335,-1.1249737757761826
1629023,P.J. Washington,CHA,2019-20,58,30.3,12.2,5.4,2.1,0.9,0.8,1.6,0.455,0.647,0.374,1.5,4.0,4.6,10.2,1.5,2.3,0.547,0.184,-0.7088021564301935,-0.11798603951723746,-0.6748636921205574,-0.19957748333123201,0.4038470884926187,-0.17398973406853413,-0.22376842004923658,-1.6993065234370415,-0.42334539456840553
1627783,Pascal Siakam,TOR,2019-20,60,35.2,22.9,7.3,3.5,1.0,0.9,2.5,0.453,0.792,0.359,2.2,6.1,8.3,18.4,4.0,5.1,0.554,0.278,1.2017541663709608,0.5861771625319621,-0.006944906003925027,0.08196932351104237,0.5960393775945275,-0.20854709168365496,0.5106169585099791,0.04140943685549628,0.6290971772432601
201976,Patrick Beverley,LAC,2019-20,51,26.3,7.9,5.2,3.6,1.1,0.5,1.3,0.431,0.66,0.388,1.6,4.0,2.9,6.7,0.6,0.9,0.56,0.131,-1.476595818864302,-0.19210848183820592,0.040763578718691615,0.3635161303533171,-0.17272977881310775,-0.5886780254499838,-0.1188562231122057,-1.5432423338935726,-0.7741595851722941
202331,Paul George,LAC,2019-20,48,29.6,21.5,5.7,3.9,1.4,0.4,2.6,0.439,0.876,0.412,3.3,7.9,7.1,16.3,4.0,4.5,0.589,0.292,0.9517748344156698,-0.006802376035784945,0.18388903288654132,1.20815655088014,-0.3649220679150165,-0.4504485949895006,1.6646511248173175,1.0498242000594487,0.7460352407778896
1629628,RJ Barrett,NYK,2019-20,56,30.4,14.3,5.0,2.6,1.0,0.3,2.2,0.402,0.614,0.32,1.1,3.5,5.2,13.0,2.8,4.5,0.479,0.234,-0.33383315849725637,-0.2662309241591744,-0.4363212685074744,0.08196932351104237,-0.5571143570169254,-1.0897597108692345,-0.6434172077973597,-2.095469466124309,0.2782829866393717
1626158,Richaun Holmes,SAC,2019-20,44,28.2,12.3,8.1,1.0,0.9,1.3,1.2,0.648,0.788,0.0,0.0,0.0,5.1,7.8,2.1,2.7,0.681,0.156,-0.6909464898619582,0.8826669318158356,-1.19965702406934,-0.19957748333123201,1.3648085340021627,3.160795275790621,-1.7974513741046982,-0.0066103137732634225,-0.8910976487069238
201937,Ricky Rubio,PHX,2019-20,65,31.0,13.0,4.7,8.8,1.4,0.2,2.7,0.415,0.863,0.361,1.2,3.3,4.4,10.6,3.0,3.5,0.535,0.199,-0.5659568238843127,-0.3774145876406269,2.5216047842947553,1.20815655088014,-0.7493066461188341,-0.8651368863709502,-0.538505010860329,0.8937600105159796,0.8629733043125193
203496,Robert Covington,HOU,2019-20,70,30.5,12.4,6.6,1.3,1.6,1.3,1.5,0.422,0.798,0.335,2.3,6.9,4.4,10.3,1.4,1.8,0.559,0.169,-0.673090823293723,0.3267486144085726,-1.0565315699014903,1.7712501645646894,1.3648085340021627,-0.7441861347180274,0.6155291554470095,0.11343906279863583,-0.5402834581030351
203918,Rodney Hood,POR,2019-20,21,29.5,11.0,3.4,1.5,0.8,0.2,0.9,0.506,0.778,0.493,1.7,3.4,4.1,8.2,1.0,1.3,0.625,0.137,-0.9230701552490144,-0.8592104627269215,-0.9611146004562571,-0.48112429017350644,-0.7493066461188341,0.7072228851170455,-0.013944026175175052,-0.12665969034516267,-1.2419118393108122
1626220,Royce O'Neale,UTA,2019-20,71,28.9,6.3,5.5,2.5,0.8,0.5,0.9,0.433,0.764,0.377,1.3,3.4,2.2,5.1,0.6,0.8,0.578,0.095,-1.7622864839560635,-0.0809248183567534,-0.484029753230091,-0.48112429017350644,-0.17272977881310775,-0.554120667834863,-0.4335928139232981,-0.29472881754582164,-1.2419118393108122
203497,Rudy Gobert,UTA,2019-20,68,34.3,15.1,13.5,1.5,0.8,2.0,1.9,0.693,0.63,0.0,0.0,0.0,5.7,8.2,3.7,5.9,0.699,0.162,-0.19098782595137584,2.883972874481982,-0.9611146004562571,-0.48112429017350644,2.710154557715524,3.9383358221308367,-1.7974513741046982,-1.9033904636092702,-0.07253120396451716
1629060,Rui Hachimura,WAS,2019-20,48,30.1,13.5,6.1,1.8,0.8,0.2,1.1,0.466,0.829,0.287,0.5,1.8,5.3,11.4,2.4,2.9,0.535,0.189,-0.4766784910431372,0.14144250860615162,-0.8179891462884072,-0.48112429017350644,-0.7493066461188341,0.016075732814630282,-1.2728903894195445,0.4855921301715222,-1.008035712241553
201566,Russell Westbrook,HOU,2019-20,57,36.0,27.2,7.9,7.0,1.6,0.4,4.5,0.472,0.763,0.258,1.0,3.7,10.6,22.5,5.1,6.7,0.536,0.33,1.9695478288050696,0.8085444894948673,1.662852059287656,1.7712501645646894,-0.3649220679150165,0.11974780565999174,-0.7483294047343905,-0.30673375520301155,2.9678584479358507
201586,Serge Ibaka,TOR,2019-20,55,27.0,15.4,8.2,1.4,0.5,0.8,2.0,0.512,0.718,0.385,1.3,3.3,6.2,12.2,1.6,2.3,0.583,0.236,-0.13742082624667046,0.9197281529763196,-1.0088230851788738,-1.3257647107003299,0.4038470884926187,0.8108949579624078,-0.4335928139232981,-0.8469559497765582,0.04440685957011245
1628983,Shai Gilgeous-Alexander,OKC,2019-20,70,34.7,19.0,5.9,3.3,1.1,0.7,1.9,0.471,0.807,0.347,1.2,3.6,6.8,14.5,4.1,5.1,0.568,0.235,0.5053831702097926,0.06732006628518351,-0.10236187544915831,0.3635161303533171,0.21165479939070975,0.10246912685243133,-0.538505010860329,0.22148350171334516,-0.07253120396451716
203915,Spencer Dinwiddie,BKN,2019-20,64,31.2,20.6,3.5,6.8,0.6,0.3,2.7,0.415,0.778,0.308,1.9,6.3,6.6,16.0,5.4,7.0,0.541,0.287,0.7910738353015543,-0.8221492415664373,1.5674350898424227,-1.0442179038580555,-0.5571143570169254,-0.8651368863709502,0.19588036769888648,-0.12665969034516267,0.8629733043125193
203500,Steven Adams,OKC,2019-20,63,26.7,10.9,9.3,2.3,0.8,1.1,1.5,0.592,0.582,0.333,0.0,0.0,4.5,7.6,1.9,3.2,0.604,0.168,-0.9409258218172494,1.3274015857416461,-0.5794467226753243,-0.48112429017350644,0.9804239557983452,2.193189262567238,-1.7974513741046982,-2.479627471154387,-0.5402834581030351
203933,T.J. Warren,IND,2019-20,67,32.9,19.8,4.2,1.5,1.2,0.5,1.3,0.536,0.819,0.403,1.4,3.4,8.0,14.9,2.5,3.0,0.61,0.229,0.6482285027556735,-0.5627206934430479,-0.9611146004562571,0.6450629371955912,-0.17272977881310775,1.2255832493438574,-0.32868061698626744,0.3655427535996229,-0.7741595851722941
1627752,Taurean Prince,BKN,2019-20,64,29.0,12.1,6.0,1.8,0.9,0.4,2.0,0.376,0.798,0.339,2.3,6.7,4.3,11.5,1.1,1.4,0.497,0.2,-0.7266578229984285,0.10438128744566758,-0.8179891462884072,-0.19957748333123201,-0.3649220679150165,-1.539005359865805,0.6155291554470095,0.11343906279863583,0.04440685957011245
203082,Terrence Ross,ORL,2019-20,69,27.4,14.7,3.2,1.2,1.1,0.3,1.0,0.403,0.853,0.351,2.6,7.3,4.9,12.3,2.3,2.7,0.548,0.216,-0.2624104922243163,-0.9333329050478898,-1.1042400546241067,0.3635161303533171,-0.5571143570169254,-1.072481032061674,0.9302657462581021,0.7737106339440804,-1.1249737757761826
1626179,Terry Rozier,CHA,2019-20,63,34.4,18.0,4.4,4.1,1.0,0.2,2.2,0.423,0.874,0.407,2.7,6.7,6.3,14.9,2.6,3.0,0.553,0.232,0.3268265045274418,-0.4885982511220794,0.2793060023317744,0.08196932351104237,-0.7493066461188341,-0.726907455910467,1.0351779431951331,1.0258143247450688,0.2782829866393717
203501,Tim Hardaway Jr.,DAL,2019-20,71,29.5,15.8,3.3,1.9,0.6,0.1,1.0,0.434,0.819,0.398,2.9,7.2,5.4,12.5,2.1,2.6,0.581,0.204,-0.06599815997373004,-0.8962716838874057,-0.7702806615657907,-1.0442179038580555,-0.941498935220743,-0.5368419890273026,1.2450023370691943,0.3655427535996229,-1.1249737757761826
202699,Tobias Harris,PHI,2019-20,72,34.3,19.6,6.9,3.2,0.7,0.6,1.4,0.471,0.806,0.367,1.8,5.0,7.7,16.3,2.4,3.0,0.556,0.236,0.6125171696192034,0.4379322778900254,-0.15007036017177475,-0.7626710970157812,0.019462510288800996,0.10246912685243133,0.09096817076185583,0.20947856405615523,-0.6572215216376648
203107,Tomas Satoransky,CHI,2019-20,65,28.9,9.9,3.9,5.4,1.2,0.1,2.0,0.43,0.876,0.322,1.0,3.1,3.6,8.5,1.6,1.9,0.533,0.165,-1.1194824874996003,-0.6739043569245006,0.8995163037257905,0.6450629371955912,-0.941498935220743,-0.6059567042575442,-0.7483294047343905,1.0498242000594487,0.04440685957011245
203503,Tony Snell,DET,2019-20,59,27.8,8.0,1.9,2.2,0.5,0.3,0.5,0.445,1.0,0.402,1.7,4.3,2.9,6.5,0.5,0.5,0.598,0.11,-1.458740152296067,-1.4151287801341843,-0.6271552073979407,-1.3257647107003299,-0.5571143570169254,-0.3467765221441382,-0.013944026175175052,2.538436469550998,-1.7096640934493303
1629027,Trae Young,ATL,2019-20,60,35.3,29.6,4.3,9.3,1.1,0.1,4.8,0.437,0.86,0.361,3.4,9.5,9.1,20.8,8.0,9.3,0.595,0.339,2.3980838264427122,-0.5256594722825638,2.760147207907838,0.3635161303533171,-0.941498935220743,-0.48500595260462137,1.7695633217543483,0.8577451975444099,3.318672638539739
2772,Trevor Ariza,POR,2019-20,53,28.2,8.0,4.6,1.7,1.3,0.3,1.1,0.438,0.838,0.372,1.5,3.9,2.7,6.1,1.2,1.4,0.593,0.117,-1.458740152296067,-0.4144758088011113,-0.8656976310110238,0.9266097440378659,-0.5571143570169254,-0.46772727379706097,-0.22376842004923658,0.5936365690862315,-1.008035712241553
202684,Tristan Thompson,CLE,2019-20,57,30.2,12.0,10.1,2.1,0.6,0.9,1.8,0.512,0.615,0.391,0.2,0.4,5.1,9.9,1.7,2.8,0.54,0.181,-0.7445134895666635,1.6238913550255194,-0.6748636921205574,-1.0442179038580555,0.5960393775945275,0.8108949579624078,-1.5876269802306369,-2.083464528467119,-0.18946926749914653
1628972,Troy Brown Jr.,WAS,2019-20,69,25.8,10.4,5.6,2.6,1.2,0.1,1.1,0.439,0.784,0.341,0.9,2.6,4.0,9.0,1.6,2.0,0.524,0.174,-1.0302041546584249,-0.04386359719626934,-0.4363212685074744,0.6450629371955912,-0.941498935220743,-0.4504485949895006,-0.8532416016714213,-0.05463006440202312,-1.008035712241553
1629639,Tyler Herro,MIA,2019-20,55,27.4,13.5,4.1,2.2,0.6,0.2,1.6,0.428,0.87,0.389,2.1,5.4,4.9,11.5,1.6,1.8,0.55,0.213,-0.4766784910431372,-0.5997819146035323,-0.6271552073979407,-1.0442179038580555,-0.7493066461188341,-0.640514061872665,0.4057047615729482,0.9777945741163091,-0.42334539456840553
1628976,Wendell Carter Jr.,CHI,2019-20,43,29.2,11.3,9.4,1.2,0.8,0.8,1.7,0.534,0.737,0.207,0.1,0.7,4.3,8.0,2.6,3.5,0.59,0.162,-0.869503155544309,1.3644628069021303,-1.1042400546241067,-0.48112429017350644,0.4038470884926187,1.1910258917287366,-1.6925391771676674,-0.6188621342899496,-0.30640733103377615
203115,Will Barton,DEN,2019-20,58,33.0,15.1,6.3,3.7,1.1,0.5,1.5,0.45,0.767,0.375,1.9,5.0,5.7,12.7,1.8,2.3,0.549,0.197,-0.19098782595137584,0.21556495092712008,0.08847206344130826,0.3635161303533171,-0.17272977881310775,-0.2603831281063362,0.19588036769888648,-0.25871400457425187,-0.5402834581030351
203897,Zach LaVine,CHI,2019-20,60,34.8,25.5,4.8,4.2,1.5,0.5,3.4,0.45,0.802,0.38,3.1,8.1,9.0,20.0,4.5,5.6,0.568,0.312,1.6660014971450734,-0.3403533664801428,0.32701448705439123,1.4897033577224146,-0.17272977881310775,-0.2603831281063362,1.454826730943256,0.16145881342739554,1.6815397490549255
1629627,Zion Williamson,NOP,2019-20,24,27.8,22.5,6.3,2.1,0.7,0.4,2.5,0.583,0.64,0.429,0.3,0.6,8.8,15.0,4.8,7.4,0.616,0.291,1.1303315000980207,0.21556495092712008,-0.6748636921205574,-0.7626710970157812,-0.3649220679150165,2.0376811532991943,-1.4827147832936058,-1.7833410870373712,0.6290971772432601
